เขต,ชื่อชุมชน,ชื่อ-นามสกุล,บทบาท,เบอร์โทร,โควต้าชาวบ้าน
1,ชุมชนเขต1-01,,ประธาน,,50
1,ชุมชนเขต1-01,,ทีมงาน,,50
1,ชุมชนเขต1-01,,ทีมงาน,,50
1,ชุมชนเขต1-01,,ทีมงาน,,50
1,ชุมชนเขต1-01,,ทีมงาน,,50
1,ชุมชนเขต1-01,,ทีมงาน,,50
1,ชุมชนเขต1-01,,ทีมงาน,,50
1,ชุมชนเขต1-01,,ทีมงาน,,50
1,ชุมชนเขต1-01,,ทีมงาน,,50
1,ชุมชนเขต1-01,,ทีมงาน,,50
1,ชุมชนเขต1-02,,ประธาน,,50
1,ชุมชนเขต1-02,,ทีมงาน,,50
1,ชุมชนเขต1-02,,ทีมงาน,,50
1,ชุมชนเขต1-02,,ทีมงาน,,50
1,ชุมชนเขต1-02,,ทีมงาน,,50
1,ชุมชนเขต1-02,,ทีมงาน,,50
1,ชุมชนเขต1-02,,ทีมงาน,,50
1,ชุมชนเขต1-02,,ทีมงาน,,50
1,ชุมชนเขต1-02,,ทีมงาน,,50
1,ชุมชนเขต1-02,,ทีมงาน,,50
1,ชุมชนเขต1-03,,ประธาน,,50
1,ชุมชนเขต1-03,,ทีมงาน,,50
1,ชุมชนเขต1-03,,ทีมงาน,,50
1,ชุมชนเขต1-03,,ทีมงาน,,50
1,ชุมชนเขต1-03,,ทีมงาน,,50
1,ชุมชนเขต1-03,,ทีมงาน,,50
1,ชุมชนเขต1-03,,ทีมงาน,,50
1,ชุมชนเขต1-03,,ทีมงาน,,50
1,ชุมชนเขต1-03,,ทีมงาน,,50
1,ชุมชนเขต1-03,,ทีมงาน,,50
1,ชุมชนเขต1-04,,ประธาน,,50
1,ชุมชนเขต1-04,,ทีมงาน,,50
1,ชุมชนเขต1-04,,ทีมงาน,,50
1,ชุมชนเขต1-04,,ทีมงาน,,50
1,ชุมชนเขต1-04,,ทีมงาน,,50
1,ชุมชนเขต1-04,,ทีมงาน,,50
1,ชุมชนเขต1-04,,ทีมงาน,,50
1,ชุมชนเขต1-04,,ทีมงาน,,50
1,ชุมชนเขต1-04,,ทีมงาน,,50
1,ชุมชนเขต1-04,,ทีมงาน,,50
1,ชุมชนเขต1-05,,ประธาน,,50
1,ชุมชนเขต1-05,,ทีมงาน,,50
1,ชุมชนเขต1-05,,ทีมงาน,,50
1,ชุมชนเขต1-05,,ทีมงาน,,50
1,ชุมชนเขต1-05,,ทีมงาน,,50
1,ชุมชนเขต1-05,,ทีมงาน,,50
1,ชุมชนเขต1-05,,ทีมงาน,,50
1,ชุมชนเขต1-05,,ทีมงาน,,50
1,ชุมชนเขต1-05,,ทีมงาน,,50
1,ชุมชนเขต1-05,,ทีมงาน,,50
1,ชุมชนเขต1-06,,ประธาน,,50
1,ชุมชนเขต1-06,,ทีมงาน,,50
1,ชุมชนเขต1-06,,ทีมงาน,,50
1,ชุมชนเขต1-06,,ทีมงาน,,50
1,ชุมชนเขต1-06,,ทีมงาน,,50
1,ชุมชนเขต1-06,,ทีมงาน,,50
1,ชุมชนเขต1-06,,ทีมงาน,,50
1,ชุมชนเขต1-06,,ทีมงาน,,50
1,ชุมชนเขต1-06,,ทีมงาน,,50
1,ชุมชนเขต1-06,,ทีมงาน,,50
1,ชุมชนเขต1-07,,ประธาน,,50
1,ชุมชนเขต1-07,,ทีมงาน,,50
1,ชุมชนเขต1-07,,ทีมงาน,,50
1,ชุมชนเขต1-07,,ทีมงาน,,50
1,ชุมชนเขต1-07,,ทีมงาน,,50
1,ชุมชนเขต1-07,,ทีมงาน,,50
1,ชุมชนเขต1-07,,ทีมงาน,,50
1,ชุมชนเขต1-07,,ทีมงาน,,50
1,ชุมชนเขต1-07,,ทีมงาน,,50
1,ชุมชนเขต1-07,,ทีมงาน,,50
1,ชุมชนเขต1-08,,ประธาน,,50
1,ชุมชนเขต1-08,,ทีมงาน,,50
1,ชุมชนเขต1-08,,ทีมงาน,,50
1,ชุมชนเขต1-08,,ทีมงาน,,50
1,ชุมชนเขต1-08,,ทีมงาน,,50
1,ชุมชนเขต1-08,,ทีมงาน,,50
1,ชุมชนเขต1-08,,ทีมงาน,,50
1,ชุมชนเขต1-08,,ทีมงาน,,50
1,ชุมชนเขต1-08,,ทีมงาน,,50
1,ชุมชนเขต1-08,,ทีมงาน,,50
1,ชุมชนเขต1-09,,ประธาน,,50
1,ชุมชนเขต1-09,,ทีมงาน,,50
1,ชุมชนเขต1-09,,ทีมงาน,,50
1,ชุมชนเขต1-09,,ทีมงาน,,50
1,ชุมชนเขต1-09,,ทีมงาน,,50
1,ชุมชนเขต1-09,,ทีมงาน,,50
1,ชุมชนเขต1-09,,ทีมงาน,,50
1,ชุมชนเขต1-09,,ทีมงาน,,50
1,ชุมชนเขต1-09,,ทีมงาน,,50
1,ชุมชนเขต1-09,,ทีมงาน,,50
1,ชุมชนเขต1-10,,ประธาน,,50
1,ชุมชนเขต1-10,,ทีมงาน,,50
1,ชุมชนเขต1-10,,ทีมงาน,,50
1,ชุมชนเขต1-10,,ทีมงาน,,50
1,ชุมชนเขต1-10,,ทีมงาน,,50
1,ชุมชนเขต1-10,,ทีมงาน,,50
1,ชุมชนเขต1-10,,ทีมงาน,,50
1,ชุมชนเขต1-10,,ทีมงาน,,50
1,ชุมชนเขต1-10,,ทีมงาน,,50
1,ชุมชนเขต1-10,,ทีมงาน,,50
1,ชุมชนเขต1-11,,ประธาน,,50
1,ชุมชนเขต1-11,,ทีมงาน,,50
1,ชุมชนเขต1-11,,ทีมงาน,,50
1,ชุมชนเขต1-11,,ทีมงาน,,50
1,ชุมชนเขต1-11,,ทีมงาน,,50
1,ชุมชนเขต1-11,,ทีมงาน,,50
1,ชุมชนเขต1-11,,ทีมงาน,,50
1,ชุมชนเขต1-11,,ทีมงาน,,50
1,ชุมชนเขต1-11,,ทีมงาน,,50
1,ชุมชนเขต1-11,,ทีมงาน,,50
1,ชุมชนเขต1-12,,ประธาน,,50
1,ชุมชนเขต1-12,,ทีมงาน,,50
1,ชุมชนเขต1-12,,ทีมงาน,,50
1,ชุมชนเขต1-12,,ทีมงาน,,50
1,ชุมชนเขต1-12,,ทีมงาน,,50
1,ชุมชนเขต1-12,,ทีมงาน,,50
1,ชุมชนเขต1-12,,ทีมงาน,,50
1,ชุมชนเขต1-12,,ทีมงาน,,50
1,ชุมชนเขต1-12,,ทีมงาน,,50
1,ชุมชนเขต1-12,,ทีมงาน,,50
1,ชุมชนเขต1-13,,ประธาน,,50
1,ชุมชนเขต1-13,,ทีมงาน,,50
1,ชุมชนเขต1-13,,ทีมงาน,,50
1,ชุมชนเขต1-13,,ทีมงาน,,50
1,ชุมชนเขต1-13,,ทีมงาน,,50
1,ชุมชนเขต1-13,,ทีมงาน,,50
1,ชุมชนเขต1-13,,ทีมงาน,,50
1,ชุมชนเขต1-13,,ทีมงาน,,50
1,ชุมชนเขต1-13,,ทีมงาน,,50
1,ชุมชนเขต1-13,,ทีมงาน,,50
1,ชุมชนเขต1-14,,ประธาน,,50
1,ชุมชนเขต1-14,,ทีมงาน,,50
1,ชุมชนเขต1-14,,ทีมงาน,,50
1,ชุมชนเขต1-14,,ทีมงาน,,50
1,ชุมชนเขต1-14,,ทีมงาน,,50
1,ชุมชนเขต1-14,,ทีมงาน,,50
1,ชุมชนเขต1-14,,ทีมงาน,,50
1,ชุมชนเขต1-14,,ทีมงาน,,50
1,ชุมชนเขต1-14,,ทีมงาน,,50
1,ชุมชนเขต1-14,,ทีมงาน,,50
1,ชุมชนเขต1-15,,ประธาน,,50
1,ชุมชนเขต1-15,,ทีมงาน,,50
1,ชุมชนเขต1-15,,ทีมงาน,,50
1,ชุมชนเขต1-15,,ทีมงาน,,50
1,ชุมชนเขต1-15,,ทีมงาน,,50
1,ชุมชนเขต1-15,,ทีมงาน,,50
1,ชุมชนเขต1-15,,ทีมงาน,,50
1,ชุมชนเขต1-15,,ทีมงาน,,50
1,ชุมชนเขต1-15,,ทีมงาน,,50
1,ชุมชนเขต1-15,,ทีมงาน,,50
1,ชุมชนเขต1-16,,ประธาน,,50
1,ชุมชนเขต1-16,,ทีมงาน,,50
1,ชุมชนเขต1-16,,ทีมงาน,,50
1,ชุมชนเขต1-16,,ทีมงาน,,50
1,ชุมชนเขต1-16,,ทีมงาน,,50
1,ชุมชนเขต1-16,,ทีมงาน,,50
1,ชุมชนเขต1-16,,ทีมงาน,,50
1,ชุมชนเขต1-16,,ทีมงาน,,50
1,ชุมชนเขต1-16,,ทีมงาน,,50
1,ชุมชนเขต1-16,,ทีมงาน,,50
1,ชุมชนเขต1-17,,ประธาน,,50
1,ชุมชนเขต1-17,,ทีมงาน,,50
1,ชุมชนเขต1-17,,ทีมงาน,,50
1,ชุมชนเขต1-17,,ทีมงาน,,50
1,ชุมชนเขต1-17,,ทีมงาน,,50
1,ชุมชนเขต1-17,,ทีมงาน,,50
1,ชุมชนเขต1-17,,ทีมงาน,,50
1,ชุมชนเขต1-17,,ทีมงาน,,50
1,ชุมชนเขต1-17,,ทีมงาน,,50
1,ชุมชนเขต1-17,,ทีมงาน,,50
1,ชุมชนเขต1-18,,ประธาน,,50
1,ชุมชนเขต1-18,,ทีมงาน,,50
1,ชุมชนเขต1-18,,ทีมงาน,,50
1,ชุมชนเขต1-18,,ทีมงาน,,50
1,ชุมชนเขต1-18,,ทีมงาน,,50
1,ชุมชนเขต1-18,,ทีมงาน,,50
1,ชุมชนเขต1-18,,ทีมงาน,,50
1,ชุมชนเขต1-18,,ทีมงาน,,50
1,ชุมชนเขต1-18,,ทีมงาน,,50
1,ชุมชนเขต1-18,,ทีมงาน,,50
1,ชุมชนเขต1-19,,ประธาน,,50
1,ชุมชนเขต1-19,,ทีมงาน,,50
1,ชุมชนเขต1-19,,ทีมงาน,,50
1,ชุมชนเขต1-19,,ทีมงาน,,50
1,ชุมชนเขต1-19,,ทีมงาน,,50
1,ชุมชนเขต1-19,,ทีมงาน,,50
1,ชุมชนเขต1-19,,ทีมงาน,,50
1,ชุมชนเขต1-19,,ทีมงาน,,50
1,ชุมชนเขต1-19,,ทีมงาน,,50
1,ชุมชนเขต1-19,,ทีมงาน,,50
1,ชุมชนเขต1-20,,ประธาน,,50
1,ชุมชนเขต1-20,,ทีมงาน,,50
1,ชุมชนเขต1-20,,ทีมงาน,,50
1,ชุมชนเขต1-20,,ทีมงาน,,50
1,ชุมชนเขต1-20,,ทีมงาน,,50
1,ชุมชนเขต1-20,,ทีมงาน,,50
1,ชุมชนเขต1-20,,ทีมงาน,,50
1,ชุมชนเขต1-20,,ทีมงาน,,50
1,ชุมชนเขต1-20,,ทีมงาน,,50
1,ชุมชนเขต1-20,,ทีมงาน,,50
1,ชุมชนเขต1-21,,ประธาน,,50
1,ชุมชนเขต1-21,,ทีมงาน,,50
1,ชุมชนเขต1-21,,ทีมงาน,,50
1,ชุมชนเขต1-21,,ทีมงาน,,50
1,ชุมชนเขต1-21,,ทีมงาน,,50
1,ชุมชนเขต1-21,,ทีมงาน,,50
1,ชุมชนเขต1-21,,ทีมงาน,,50
1,ชุมชนเขต1-21,,ทีมงาน,,50
1,ชุมชนเขต1-21,,ทีมงาน,,50
1,ชุมชนเขต1-21,,ทีมงาน,,50
1,ชุมชนเขต1-22,,ประธาน,,50
1,ชุมชนเขต1-22,,ทีมงาน,,50
1,ชุมชนเขต1-22,,ทีมงาน,,50
1,ชุมชนเขต1-22,,ทีมงาน,,50
1,ชุมชนเขต1-22,,ทีมงาน,,50
1,ชุมชนเขต1-22,,ทีมงาน,,50
1,ชุมชนเขต1-22,,ทีมงาน,,50
1,ชุมชนเขต1-22,,ทีมงาน,,50
1,ชุมชนเขต1-22,,ทีมงาน,,50
1,ชุมชนเขต1-22,,ทีมงาน,,50
1,ชุมชนเขต1-23,,ประธาน,,50
1,ชุมชนเขต1-23,,ทีมงาน,,50
1,ชุมชนเขต1-23,,ทีมงาน,,50
1,ชุมชนเขต1-23,,ทีมงาน,,50
1,ชุมชนเขต1-23,,ทีมงาน,,50
1,ชุมชนเขต1-23,,ทีมงาน,,50
1,ชุมชนเขต1-23,,ทีมงาน,,50
1,ชุมชนเขต1-23,,ทีมงาน,,50
1,ชุมชนเขต1-23,,ทีมงาน,,50
1,ชุมชนเขต1-23,,ทีมงาน,,50
1,ชุมชนเขต1-24,,ประธาน,,50
1,ชุมชนเขต1-24,,ทีมงาน,,50
1,ชุมชนเขต1-24,,ทีมงาน,,50
1,ชุมชนเขต1-24,,ทีมงาน,,50
1,ชุมชนเขต1-24,,ทีมงาน,,50
1,ชุมชนเขต1-24,,ทีมงาน,,50
1,ชุมชนเขต1-24,,ทีมงาน,,50
1,ชุมชนเขต1-24,,ทีมงาน,,50
1,ชุมชนเขต1-24,,ทีมงาน,,50
1,ชุมชนเขต1-24,,ทีมงาน,,50
2,ชุมชนเขต2-01,,ประธาน,,50
2,ชุมชนเขต2-01,,ทีมงาน,,50
2,ชุมชนเขต2-01,,ทีมงาน,,50
2,ชุมชนเขต2-01,,ทีมงาน,,50
2,ชุมชนเขต2-01,,ทีมงาน,,50
2,ชุมชนเขต2-01,,ทีมงาน,,50
2,ชุมชนเขต2-01,,ทีมงาน,,50
2,ชุมชนเขต2-01,,ทีมงาน,,50
2,ชุมชนเขต2-01,,ทีมงาน,,50
2,ชุมชนเขต2-01,,ทีมงาน,,50
2,ชุมชนเขต2-02,,ประธาน,,50
2,ชุมชนเขต2-02,,ทีมงาน,,50
2,ชุมชนเขต2-02,,ทีมงาน,,50
2,ชุมชนเขต2-02,,ทีมงาน,,50
2,ชุมชนเขต2-02,,ทีมงาน,,50
2,ชุมชนเขต2-02,,ทีมงาน,,50
2,ชุมชนเขต2-02,,ทีมงาน,,50
2,ชุมชนเขต2-02,,ทีมงาน,,50
2,ชุมชนเขต2-02,,ทีมงาน,,50
2,ชุมชนเขต2-02,,ทีมงาน,,50
2,ชุมชนเขต2-03,,ประธาน,,50
2,ชุมชนเขต2-03,,ทีมงาน,,50
2,ชุมชนเขต2-03,,ทีมงาน,,50
2,ชุมชนเขต2-03,,ทีมงาน,,50
2,ชุมชนเขต2-03,,ทีมงาน,,50
2,ชุมชนเขต2-03,,ทีมงาน,,50
2,ชุมชนเขต2-03,,ทีมงาน,,50
2,ชุมชนเขต2-03,,ทีมงาน,,50
2,ชุมชนเขต2-03,,ทีมงาน,,50
2,ชุมชนเขต2-03,,ทีมงาน,,50
2,ชุมชนเขต2-04,,ประธาน,,50
2,ชุมชนเขต2-04,,ทีมงาน,,50
2,ชุมชนเขต2-04,,ทีมงาน,,50
2,ชุมชนเขต2-04,,ทีมงาน,,50
2,ชุมชนเขต2-04,,ทีมงาน,,50
2,ชุมชนเขต2-04,,ทีมงาน,,50
2,ชุมชนเขต2-04,,ทีมงาน,,50
2,ชุมชนเขต2-04,,ทีมงาน,,50
2,ชุมชนเขต2-04,,ทีมงาน,,50
2,ชุมชนเขต2-04,,ทีมงาน,,50
2,ชุมชนเขต2-05,,ประธาน,,50
2,ชุมชนเขต2-05,,ทีมงาน,,50
2,ชุมชนเขต2-05,,ทีมงาน,,50
2,ชุมชนเขต2-05,,ทีมงาน,,50
2,ชุมชนเขต2-05,,ทีมงาน,,50
2,ชุมชนเขต2-05,,ทีมงาน,,50
2,ชุมชนเขต2-05,,ทีมงาน,,50
2,ชุมชนเขต2-05,,ทีมงาน,,50
2,ชุมชนเขต2-05,,ทีมงาน,,50
2,ชุมชนเขต2-05,,ทีมงาน,,50
2,ชุมชนเขต2-06,,ประธาน,,50
2,ชุมชนเขต2-06,,ทีมงาน,,50
2,ชุมชนเขต2-06,,ทีมงาน,,50
2,ชุมชนเขต2-06,,ทีมงาน,,50
2,ชุมชนเขต2-06,,ทีมงาน,,50
2,ชุมชนเขต2-06,,ทีมงาน,,50
2,ชุมชนเขต2-06,,ทีมงาน,,50
2,ชุมชนเขต2-06,,ทีมงาน,,50
2,ชุมชนเขต2-06,,ทีมงาน,,50
2,ชุมชนเขต2-06,,ทีมงาน,,50
2,ชุมชนเขต2-07,,ประธาน,,50
2,ชุมชนเขต2-07,,ทีมงาน,,50
2,ชุมชนเขต2-07,,ทีมงาน,,50
2,ชุมชนเขต2-07,,ทีมงาน,,50
2,ชุมชนเขต2-07,,ทีมงาน,,50
2,ชุมชนเขต2-07,,ทีมงาน,,50
2,ชุมชนเขต2-07,,ทีมงาน,,50
2,ชุมชนเขต2-07,,ทีมงาน,,50
2,ชุมชนเขต2-07,,ทีมงาน,,50
2,ชุมชนเขต2-07,,ทีมงาน,,50
2,ชุมชนเขต2-08,,ประธาน,,50
2,ชุมชนเขต2-08,,ทีมงาน,,50
2,ชุมชนเขต2-08,,ทีมงาน,,50
2,ชุมชนเขต2-08,,ทีมงาน,,50
2,ชุมชนเขต2-08,,ทีมงาน,,50
2,ชุมชนเขต2-08,,ทีมงาน,,50
2,ชุมชนเขต2-08,,ทีมงาน,,50
2,ชุมชนเขต2-08,,ทีมงาน,,50
2,ชุมชนเขต2-08,,ทีมงาน,,50
2,ชุมชนเขต2-08,,ทีมงาน,,50
2,ชุมชนเขต2-09,,ประธาน,,50
2,ชุมชนเขต2-09,,ทีมงาน,,50
2,ชุมชนเขต2-09,,ทีมงาน,,50
2,ชุมชนเขต2-09,,ทีมงาน,,50
2,ชุมชนเขต2-09,,ทีมงาน,,50
2,ชุมชนเขต2-09,,ทีมงาน,,50
2,ชุมชนเขต2-09,,ทีมงาน,,50
2,ชุมชนเขต2-09,,ทีมงาน,,50
2,ชุมชนเขต2-09,,ทีมงาน,,50
2,ชุมชนเขต2-09,,ทีมงาน,,50
2,ชุมชนเขต2-10,,ประธาน,,50
2,ชุมชนเขต2-10,,ทีมงาน,,50
2,ชุมชนเขต2-10,,ทีมงาน,,50
2,ชุมชนเขต2-10,,ทีมงาน,,50
2,ชุมชนเขต2-10,,ทีมงาน,,50
2,ชุมชนเขต2-10,,ทีมงาน,,50
2,ชุมชนเขต2-10,,ทีมงาน,,50
2,ชุมชนเขต2-10,,ทีมงาน,,50
2,ชุมชนเขต2-10,,ทีมงาน,,50
2,ชุมชนเขต2-10,,ทีมงาน,,50
2,ชุมชนเขต2-11,,ประธาน,,50
2,ชุมชนเขต2-11,,ทีมงาน,,50
2,ชุมชนเขต2-11,,ทีมงาน,,50
2,ชุมชนเขต2-11,,ทีมงาน,,50
2,ชุมชนเขต2-11,,ทีมงาน,,50
2,ชุมชนเขต2-11,,ทีมงาน,,50
2,ชุมชนเขต2-11,,ทีมงาน,,50
2,ชุมชนเขต2-11,,ทีมงาน,,50
2,ชุมชนเขต2-11,,ทีมงาน,,50
2,ชุมชนเขต2-11,,ทีมงาน,,50
2,ชุมชนเขต2-12,,ประธาน,,50
2,ชุมชนเขต2-12,,ทีมงาน,,50
2,ชุมชนเขต2-12,,ทีมงาน,,50
2,ชุมชนเขต2-12,,ทีมงาน,,50
2,ชุมชนเขต2-12,,ทีมงาน,,50
2,ชุมชนเขต2-12,,ทีมงาน,,50
2,ชุมชนเขต2-12,,ทีมงาน,,50
2,ชุมชนเขต2-12,,ทีมงาน,,50
2,ชุมชนเขต2-12,,ทีมงาน,,50
2,ชุมชนเขต2-12,,ทีมงาน,,50
2,ชุมชนเขต2-13,,ประธาน,,50
2,ชุมชนเขต2-13,,ทีมงาน,,50
2,ชุมชนเขต2-13,,ทีมงาน,,50
2,ชุมชนเขต2-13,,ทีมงาน,,50
2,ชุมชนเขต2-13,,ทีมงาน,,50
2,ชุมชนเขต2-13,,ทีมงาน,,50
2,ชุมชนเขต2-13,,ทีมงาน,,50
2,ชุมชนเขต2-13,,ทีมงาน,,50
2,ชุมชนเขต2-13,,ทีมงาน,,50
2,ชุมชนเขต2-13,,ทีมงาน,,50
2,ชุมชนเขต2-14,,ประธาน,,50
2,ชุมชนเขต2-14,,ทีมงาน,,50
2,ชุมชนเขต2-14,,ทีมงาน,,50
2,ชุมชนเขต2-14,,ทีมงาน,,50
2,ชุมชนเขต2-14,,ทีมงาน,,50
2,ชุมชนเขต2-14,,ทีมงาน,,50
2,ชุมชนเขต2-14,,ทีมงาน,,50
2,ชุมชนเขต2-14,,ทีมงาน,,50
2,ชุมชนเขต2-14,,ทีมงาน,,50
2,ชุมชนเขต2-14,,ทีมงาน,,50
2,ชุมชนเขต2-15,,ประธาน,,50
2,ชุมชนเขต2-15,,ทีมงาน,,50
2,ชุมชนเขต2-15,,ทีมงาน,,50
2,ชุมชนเขต2-15,,ทีมงาน,,50
2,ชุมชนเขต2-15,,ทีมงาน,,50
2,ชุมชนเขต2-15,,ทีมงาน,,50
2,ชุมชนเขต2-15,,ทีมงาน,,50
2,ชุมชนเขต2-15,,ทีมงาน,,50
2,ชุมชนเขต2-15,,ทีมงาน,,50
2,ชุมชนเขต2-15,,ทีมงาน,,50
2,ชุมชนเขต2-16,,ประธาน,,50
2,ชุมชนเขต2-16,,ทีมงาน,,50
2,ชุมชนเขต2-16,,ทีมงาน,,50
2,ชุมชนเขต2-16,,ทีมงาน,,50
2,ชุมชนเขต2-16,,ทีมงาน,,50
2,ชุมชนเขต2-16,,ทีมงาน,,50
2,ชุมชนเขต2-16,,ทีมงาน,,50
2,ชุมชนเขต2-16,,ทีมงาน,,50
2,ชุมชนเขต2-16,,ทีมงาน,,50
2,ชุมชนเขต2-16,,ทีมงาน,,50
2,ชุมชนเขต2-17,,ประธาน,,50
2,ชุมชนเขต2-17,,ทีมงาน,,50
2,ชุมชนเขต2-17,,ทีมงาน,,50
2,ชุมชนเขต2-17,,ทีมงาน,,50
2,ชุมชนเขต2-17,,ทีมงาน,,50
2,ชุมชนเขต2-17,,ทีมงาน,,50
2,ชุมชนเขต2-17,,ทีมงาน,,50
2,ชุมชนเขต2-17,,ทีมงาน,,50
2,ชุมชนเขต2-17,,ทีมงาน,,50
2,ชุมชนเขต2-17,,ทีมงาน,,50
2,ชุมชนเขต2-18,,ประธาน,,50
2,ชุมชนเขต2-18,,ทีมงาน,,50
2,ชุมชนเขต2-18,,ทีมงาน,,50
2,ชุมชนเขต2-18,,ทีมงาน,,50
2,ชุมชนเขต2-18,,ทีมงาน,,50
2,ชุมชนเขต2-18,,ทีมงาน,,50
2,ชุมชนเขต2-18,,ทีมงาน,,50
2,ชุมชนเขต2-18,,ทีมงาน,,50
2,ชุมชนเขต2-18,,ทีมงาน,,50
2,ชุมชนเขต2-18,,ทีมงาน,,50
2,ชุมชนเขต2-19,,ประธาน,,50
2,ชุมชนเขต2-19,,ทีมงาน,,50
2,ชุมชนเขต2-19,,ทีมงาน,,50
2,ชุมชนเขต2-19,,ทีมงาน,,50
2,ชุมชนเขต2-19,,ทีมงาน,,50
2,ชุมชนเขต2-19,,ทีมงาน,,50
2,ชุมชนเขต2-19,,ทีมงาน,,50
2,ชุมชนเขต2-19,,ทีมงาน,,50
2,ชุมชนเขต2-19,,ทีมงาน,,50
2,ชุมชนเขต2-19,,ทีมงาน,,50
2,ชุมชนเขต2-20,,ประธาน,,50
2,ชุมชนเขต2-20,,ทีมงาน,,50
2,ชุมชนเขต2-20,,ทีมงาน,,50
2,ชุมชนเขต2-20,,ทีมงาน,,50
2,ชุมชนเขต2-20,,ทีมงาน,,50
2,ชุมชนเขต2-20,,ทีมงาน,,50
2,ชุมชนเขต2-20,,ทีมงาน,,50
2,ชุมชนเขต2-20,,ทีมงาน,,50
2,ชุมชนเขต2-20,,ทีมงาน,,50
2,ชุมชนเขต2-20,,ทีมงาน,,50
2,ชุมชนเขต2-21,,ประธาน,,50
2,ชุมชนเขต2-21,,ทีมงาน,,50
2,ชุมชนเขต2-21,,ทีมงาน,,50
2,ชุมชนเขต2-21,,ทีมงาน,,50
2,ชุมชนเขต2-21,,ทีมงาน,,50
2,ชุมชนเขต2-21,,ทีมงาน,,50
2,ชุมชนเขต2-21,,ทีมงาน,,50
2,ชุมชนเขต2-21,,ทีมงาน,,50
2,ชุมชนเขต2-21,,ทีมงาน,,50
2,ชุมชนเขต2-21,,ทีมงาน,,50
2,ชุมชนเขต2-22,,ประธาน,,50
2,ชุมชนเขต2-22,,ทีมงาน,,50
2,ชุมชนเขต2-22,,ทีมงาน,,50
2,ชุมชนเขต2-22,,ทีมงาน,,50
2,ชุมชนเขต2-22,,ทีมงาน,,50
2,ชุมชนเขต2-22,,ทีมงาน,,50
2,ชุมชนเขต2-22,,ทีมงาน,,50
2,ชุมชนเขต2-22,,ทีมงาน,,50
2,ชุมชนเขต2-22,,ทีมงาน,,50
2,ชุมชนเขต2-22,,ทีมงาน,,50
2,ชุมชนเขต2-23,,ประธาน,,50
2,ชุมชนเขต2-23,,ทีมงาน,,50
2,ชุมชนเขต2-23,,ทีมงาน,,50
2,ชุมชนเขต2-23,,ทีมงาน,,50
2,ชุมชนเขต2-23,,ทีมงาน,,50
2,ชุมชนเขต2-23,,ทีมงาน,,50
2,ชุมชนเขต2-23,,ทีมงาน,,50
2,ชุมชนเขต2-23,,ทีมงาน,,50
2,ชุมชนเขต2-23,,ทีมงาน,,50
2,ชุมชนเขต2-23,,ทีมงาน,,50
2,ชุมชนเขต2-24,,ประธาน,,50
2,ชุมชนเขต2-24,,ทีมงาน,,50
2,ชุมชนเขต2-24,,ทีมงาน,,50
2,ชุมชนเขต2-24,,ทีมงาน,,50
2,ชุมชนเขต2-24,,ทีมงาน,,50
2,ชุมชนเขต2-24,,ทีมงาน,,50
2,ชุมชนเขต2-24,,ทีมงาน,,50
2,ชุมชนเขต2-24,,ทีมงาน,,50
2,ชุมชนเขต2-24,,ทีมงาน,,50
2,ชุมชนเขต2-24,,ทีมงาน,,50
2,ชุมชนเขต2-25,,ประธาน,,50
2,ชุมชนเขต2-25,,ทีมงาน,,50
2,ชุมชนเขต2-25,,ทีมงาน,,50
2,ชุมชนเขต2-25,,ทีมงาน,,50
2,ชุมชนเขต2-25,,ทีมงาน,,50
2,ชุมชนเขต2-25,,ทีมงาน,,50
2,ชุมชนเขต2-25,,ทีมงาน,,50
2,ชุมชนเขต2-25,,ทีมงาน,,50
2,ชุมชนเขต2-25,,ทีมงาน,,50
2,ชุมชนเขต2-25,,ทีมงาน,,50
2,ชุมชนเขต2-26,,ประธาน,,50
2,ชุมชนเขต2-26,,ทีมงาน,,50
2,ชุมชนเขต2-26,,ทีมงาน,,50
2,ชุมชนเขต2-26,,ทีมงาน,,50
2,ชุมชนเขต2-26,,ทีมงาน,,50
2,ชุมชนเขต2-26,,ทีมงาน,,50
2,ชุมชนเขต2-26,,ทีมงาน,,50
2,ชุมชนเขต2-26,,ทีมงาน,,50
2,ชุมชนเขต2-26,,ทีมงาน,,50
2,ชุมชนเขต2-26,,ทีมงาน,,50
2,ชุมชนเขต2-27,,ประธาน,,50
2,ชุมชนเขต2-27,,ทีมงาน,,50
2,ชุมชนเขต2-27,,ทีมงาน,,50
2,ชุมชนเขต2-27,,ทีมงาน,,50
2,ชุมชนเขต2-27,,ทีมงาน,,50
2,ชุมชนเขต2-27,,ทีมงาน,,50
2,ชุมชนเขต2-27,,ทีมงาน,,50
2,ชุมชนเขต2-27,,ทีมงาน,,50
2,ชุมชนเขต2-27,,ทีมงาน,,50
2,ชุมชนเขต2-27,,ทีมงาน,,50
3,ชุมชนเขต3-01,,ประธาน,,50
3,ชุมชนเขต3-01,,ทีมงาน,,50
3,ชุมชนเขต3-01,,ทีมงาน,,50
3,ชุมชนเขต3-01,,ทีมงาน,,50
3,ชุมชนเขต3-01,,ทีมงาน,,50
3,ชุมชนเขต3-01,,ทีมงาน,,50
3,ชุมชนเขต3-01,,ทีมงาน,,50
3,ชุมชนเขต3-01,,ทีมงาน,,50
3,ชุมชนเขต3-01,,ทีมงาน,,50
3,ชุมชนเขต3-01,,ทีมงาน,,50
3,ชุมชนเขต3-02,,ประธาน,,50
3,ชุมชนเขต3-02,,ทีมงาน,,50
3,ชุมชนเขต3-02,,ทีมงาน,,50
3,ชุมชนเขต3-02,,ทีมงาน,,50
3,ชุมชนเขต3-02,,ทีมงาน,,50
3,ชุมชนเขต3-02,,ทีมงาน,,50
3,ชุมชนเขต3-02,,ทีมงาน,,50
3,ชุมชนเขต3-02,,ทีมงาน,,50
3,ชุมชนเขต3-02,,ทีมงาน,,50
3,ชุมชนเขต3-02,,ทีมงาน,,50
3,ชุมชนเขต3-03,,ประธาน,,50
3,ชุมชนเขต3-03,,ทีมงาน,,50
3,ชุมชนเขต3-03,,ทีมงาน,,50
3,ชุมชนเขต3-03,,ทีมงาน,,50
3,ชุมชนเขต3-03,,ทีมงาน,,50
3,ชุมชนเขต3-03,,ทีมงาน,,50
3,ชุมชนเขต3-03,,ทีมงาน,,50
3,ชุมชนเขต3-03,,ทีมงาน,,50
3,ชุมชนเขต3-03,,ทีมงาน,,50
3,ชุมชนเขต3-03,,ทีมงาน,,50
3,ชุมชนเขต3-04,,ประธาน,,50
3,ชุมชนเขต3-04,,ทีมงาน,,50
3,ชุมชนเขต3-04,,ทีมงาน,,50
3,ชุมชนเขต3-04,,ทีมงาน,,50
3,ชุมชนเขต3-04,,ทีมงาน,,50
3,ชุมชนเขต3-04,,ทีมงาน,,50
3,ชุมชนเขต3-04,,ทีมงาน,,50
3,ชุมชนเขต3-04,,ทีมงาน,,50
3,ชุมชนเขต3-04,,ทีมงาน,,50
3,ชุมชนเขต3-04,,ทีมงาน,,50
3,ชุมชนเขต3-05,,ประธาน,,50
3,ชุมชนเขต3-05,,ทีมงาน,,50
3,ชุมชนเขต3-05,,ทีมงาน,,50
3,ชุมชนเขต3-05,,ทีมงาน,,50
3,ชุมชนเขต3-05,,ทีมงาน,,50
3,ชุมชนเขต3-05,,ทีมงาน,,50
3,ชุมชนเขต3-05,,ทีมงาน,,50
3,ชุมชนเขต3-05,,ทีมงาน,,50
3,ชุมชนเขต3-05,,ทีมงาน,,50
3,ชุมชนเขต3-05,,ทีมงาน,,50
3,ชุมชนเขต3-06,,ประธาน,,50
3,ชุมชนเขต3-06,,ทีมงาน,,50
3,ชุมชนเขต3-06,,ทีมงาน,,50
3,ชุมชนเขต3-06,,ทีมงาน,,50
3,ชุมชนเขต3-06,,ทีมงาน,,50
3,ชุมชนเขต3-06,,ทีมงาน,,50
3,ชุมชนเขต3-06,,ทีมงาน,,50
3,ชุมชนเขต3-06,,ทีมงาน,,50
3,ชุมชนเขต3-06,,ทีมงาน,,50
3,ชุมชนเขต3-06,,ทีมงาน,,50
3,ชุมชนเขต3-07,,ประธาน,,50
3,ชุมชนเขต3-07,,ทีมงาน,,50
3,ชุมชนเขต3-07,,ทีมงาน,,50
3,ชุมชนเขต3-07,,ทีมงาน,,50
3,ชุมชนเขต3-07,,ทีมงาน,,50
3,ชุมชนเขต3-07,,ทีมงาน,,50
3,ชุมชนเขต3-07,,ทีมงาน,,50
3,ชุมชนเขต3-07,,ทีมงาน,,50
3,ชุมชนเขต3-07,,ทีมงาน,,50
3,ชุมชนเขต3-07,,ทีมงาน,,50
3,ชุมชนเขต3-08,,ประธาน,,50
3,ชุมชนเขต3-08,,ทีมงาน,,50
3,ชุมชนเขต3-08,,ทีมงาน,,50
3,ชุมชนเขต3-08,,ทีมงาน,,50
3,ชุมชนเขต3-08,,ทีมงาน,,50
3,ชุมชนเขต3-08,,ทีมงาน,,50
3,ชุมชนเขต3-08,,ทีมงาน,,50
3,ชุมชนเขต3-08,,ทีมงาน,,50
3,ชุมชนเขต3-08,,ทีมงาน,,50
3,ชุมชนเขต3-08,,ทีมงาน,,50
3,ชุมชนเขต3-09,,ประธาน,,50
3,ชุมชนเขต3-09,,ทีมงาน,,50
3,ชุมชนเขต3-09,,ทีมงาน,,50
3,ชุมชนเขต3-09,,ทีมงาน,,50
3,ชุมชนเขต3-09,,ทีมงาน,,50
3,ชุมชนเขต3-09,,ทีมงาน,,50
3,ชุมชนเขต3-09,,ทีมงาน,,50
3,ชุมชนเขต3-09,,ทีมงาน,,50
3,ชุมชนเขต3-09,,ทีมงาน,,50
3,ชุมชนเขต3-09,,ทีมงาน,,50
3,ชุมชนเขต3-10,,ประธาน,,50
3,ชุมชนเขต3-10,,ทีมงาน,,50
3,ชุมชนเขต3-10,,ทีมงาน,,50
3,ชุมชนเขต3-10,,ทีมงาน,,50
3,ชุมชนเขต3-10,,ทีมงาน,,50
3,ชุมชนเขต3-10,,ทีมงาน,,50
3,ชุมชนเขต3-10,,ทีมงาน,,50
3,ชุมชนเขต3-10,,ทีมงาน,,50
3,ชุมชนเขต3-10,,ทีมงาน,,50
3,ชุมชนเขต3-10,,ทีมงาน,,50
3,ชุมชนเขต3-11,,ประธาน,,50
3,ชุมชนเขต3-11,,ทีมงาน,,50
3,ชุมชนเขต3-11,,ทีมงาน,,50
3,ชุมชนเขต3-11,,ทีมงาน,,50
3,ชุมชนเขต3-11,,ทีมงาน,,50
3,ชุมชนเขต3-11,,ทีมงาน,,50
3,ชุมชนเขต3-11,,ทีมงาน,,50
3,ชุมชนเขต3-11,,ทีมงาน,,50
3,ชุมชนเขต3-11,,ทีมงาน,,50
3,ชุมชนเขต3-11,,ทีมงาน,,50
3,ชุมชนเขต3-12,,ประธาน,,50
3,ชุมชนเขต3-12,,ทีมงาน,,50
3,ชุมชนเขต3-12,,ทีมงาน,,50
3,ชุมชนเขต3-12,,ทีมงาน,,50
3,ชุมชนเขต3-12,,ทีมงาน,,50
3,ชุมชนเขต3-12,,ทีมงาน,,50
3,ชุมชนเขต3-12,,ทีมงาน,,50
3,ชุมชนเขต3-12,,ทีมงาน,,50
3,ชุมชนเขต3-12,,ทีมงาน,,50
3,ชุมชนเขต3-12,,ทีมงาน,,50
3,ชุมชนเขต3-13,,ประธาน,,50
3,ชุมชนเขต3-13,,ทีมงาน,,50
3,ชุมชนเขต3-13,,ทีมงาน,,50
3,ชุมชนเขต3-13,,ทีมงาน,,50
3,ชุมชนเขต3-13,,ทีมงาน,,50
3,ชุมชนเขต3-13,,ทีมงาน,,50
3,ชุมชนเขต3-13,,ทีมงาน,,50
3,ชุมชนเขต3-13,,ทีมงาน,,50
3,ชุมชนเขต3-13,,ทีมงาน,,50
3,ชุมชนเขต3-13,,ทีมงาน,,50
3,ชุมชนเขต3-14,,ประธาน,,50
3,ชุมชนเขต3-14,,ทีมงาน,,50
3,ชุมชนเขต3-14,,ทีมงาน,,50
3,ชุมชนเขต3-14,,ทีมงาน,,50
3,ชุมชนเขต3-14,,ทีมงาน,,50
3,ชุมชนเขต3-14,,ทีมงาน,,50
3,ชุมชนเขต3-14,,ทีมงาน,,50
3,ชุมชนเขต3-14,,ทีมงาน,,50
3,ชุมชนเขต3-14,,ทีมงาน,,50
3,ชุมชนเขต3-14,,ทีมงาน,,50
3,ชุมชนเขต3-15,,ประธาน,,50
3,ชุมชนเขต3-15,,ทีมงาน,,50
3,ชุมชนเขต3-15,,ทีมงาน,,50
3,ชุมชนเขต3-15,,ทีมงาน,,50
3,ชุมชนเขต3-15,,ทีมงาน,,50
3,ชุมชนเขต3-15,,ทีมงาน,,50
3,ชุมชนเขต3-15,,ทีมงาน,,50
3,ชุมชนเขต3-15,,ทีมงาน,,50
3,ชุมชนเขต3-15,,ทีมงาน,,50
3,ชุมชนเขต3-15,,ทีมงาน,,50
3,ชุมชนเขต3-16,,ประธาน,,50
3,ชุมชนเขต3-16,,ทีมงาน,,50
3,ชุมชนเขต3-16,,ทีมงาน,,50
3,ชุมชนเขต3-16,,ทีมงาน,,50
3,ชุมชนเขต3-16,,ทีมงาน,,50
3,ชุมชนเขต3-16,,ทีมงาน,,50
3,ชุมชนเขต3-16,,ทีมงาน,,50
3,ชุมชนเขต3-16,,ทีมงาน,,50
3,ชุมชนเขต3-16,,ทีมงาน,,50
3,ชุมชนเขต3-16,,ทีมงาน,,50
3,ชุมชนเขต3-17,,ประธาน,,50
3,ชุมชนเขต3-17,,ทีมงาน,,50
3,ชุมชนเขต3-17,,ทีมงาน,,50
3,ชุมชนเขต3-17,,ทีมงาน,,50
3,ชุมชนเขต3-17,,ทีมงาน,,50
3,ชุมชนเขต3-17,,ทีมงาน,,50
3,ชุมชนเขต3-17,,ทีมงาน,,50
3,ชุมชนเขต3-17,,ทีมงาน,,50
3,ชุมชนเขต3-17,,ทีมงาน,,50
3,ชุมชนเขต3-17,,ทีมงาน,,50
3,ชุมชนเขต3-18,,ประธาน,,50
3,ชุมชนเขต3-18,,ทีมงาน,,50
3,ชุมชนเขต3-18,,ทีมงาน,,50
3,ชุมชนเขต3-18,,ทีมงาน,,50
3,ชุมชนเขต3-18,,ทีมงาน,,50
3,ชุมชนเขต3-18,,ทีมงาน,,50
3,ชุมชนเขต3-18,,ทีมงาน,,50
3,ชุมชนเขต3-18,,ทีมงาน,,50
3,ชุมชนเขต3-18,,ทีมงาน,,50
3,ชุมชนเขต3-18,,ทีมงาน,,50
3,ชุมชนเขต3-19,,ประธาน,,50
3,ชุมชนเขต3-19,,ทีมงาน,,50
3,ชุมชนเขต3-19,,ทีมงาน,,50
3,ชุมชนเขต3-19,,ทีมงาน,,50
3,ชุมชนเขต3-19,,ทีมงาน,,50
3,ชุมชนเขต3-19,,ทีมงาน,,50
3,ชุมชนเขต3-19,,ทีมงาน,,50
3,ชุมชนเขต3-19,,ทีมงาน,,50
3,ชุมชนเขต3-19,,ทีมงาน,,50
3,ชุมชนเขต3-19,,ทีมงาน,,50
4,ชุมชนเขต4-01,,ประธาน,,50
4,ชุมชนเขต4-01,,ทีมงาน,,50
4,ชุมชนเขต4-01,,ทีมงาน,,50
4,ชุมชนเขต4-01,,ทีมงาน,,50
4,ชุมชนเขต4-01,,ทีมงาน,,50
4,ชุมชนเขต4-01,,ทีมงาน,,50
4,ชุมชนเขต4-01,,ทีมงาน,,50
4,ชุมชนเขต4-01,,ทีมงาน,,50
4,ชุมชนเขต4-01,,ทีมงาน,,50
4,ชุมชนเขต4-01,,ทีมงาน,,50
4,ชุมชนเขต4-02,,ประธาน,,50
4,ชุมชนเขต4-02,,ทีมงาน,,50
4,ชุมชนเขต4-02,,ทีมงาน,,50
4,ชุมชนเขต4-02,,ทีมงาน,,50
4,ชุมชนเขต4-02,,ทีมงาน,,50
4,ชุมชนเขต4-02,,ทีมงาน,,50
4,ชุมชนเขต4-02,,ทีมงาน,,50
4,ชุมชนเขต4-02,,ทีมงาน,,50
4,ชุมชนเขต4-02,,ทีมงาน,,50
4,ชุมชนเขต4-02,,ทีมงาน,,50
4,ชุมชนเขต4-03,,ประธาน,,50
4,ชุมชนเขต4-03,,ทีมงาน,,50
4,ชุมชนเขต4-03,,ทีมงาน,,50
4,ชุมชนเขต4-03,,ทีมงาน,,50
4,ชุมชนเขต4-03,,ทีมงาน,,50
4,ชุมชนเขต4-03,,ทีมงาน,,50
4,ชุมชนเขต4-03,,ทีมงาน,,50
4,ชุมชนเขต4-03,,ทีมงาน,,50
4,ชุมชนเขต4-03,,ทีมงาน,,50
4,ชุมชนเขต4-03,,ทีมงาน,,50
4,ชุมชนเขต4-04,,ประธาน,,50
4,ชุมชนเขต4-04,,ทีมงาน,,50
4,ชุมชนเขต4-04,,ทีมงาน,,50
4,ชุมชนเขต4-04,,ทีมงาน,,50
4,ชุมชนเขต4-04,,ทีมงาน,,50
4,ชุมชนเขต4-04,,ทีมงาน,,50
4,ชุมชนเขต4-04,,ทีมงาน,,50
4,ชุมชนเขต4-04,,ทีมงาน,,50
4,ชุมชนเขต4-04,,ทีมงาน,,50
4,ชุมชนเขต4-04,,ทีมงาน,,50
4,ชุมชนเขต4-05,,ประธาน,,50
4,ชุมชนเขต4-05,,ทีมงาน,,50
4,ชุมชนเขต4-05,,ทีมงาน,,50
4,ชุมชนเขต4-05,,ทีมงาน,,50
4,ชุมชนเขต4-05,,ทีมงาน,,50
4,ชุมชนเขต4-05,,ทีมงาน,,50
4,ชุมชนเขต4-05,,ทีมงาน,,50
4,ชุมชนเขต4-05,,ทีมงาน,,50
4,ชุมชนเขต4-05,,ทีมงาน,,50
4,ชุมชนเขต4-05,,ทีมงาน,,50
4,ชุมชนเขต4-06,,ประธาน,,50
4,ชุมชนเขต4-06,,ทีมงาน,,50
4,ชุมชนเขต4-06,,ทีมงาน,,50
4,ชุมชนเขต4-06,,ทีมงาน,,50
4,ชุมชนเขต4-06,,ทีมงาน,,50
4,ชุมชนเขต4-06,,ทีมงาน,,50
4,ชุมชนเขต4-06,,ทีมงาน,,50
4,ชุมชนเขต4-06,,ทีมงาน,,50
4,ชุมชนเขต4-06,,ทีมงาน,,50
4,ชุมชนเขต4-06,,ทีมงาน,,50
4,ชุมชนเขต4-07,,ประธาน,,50
4,ชุมชนเขต4-07,,ทีมงาน,,50
4,ชุมชนเขต4-07,,ทีมงาน,,50
4,ชุมชนเขต4-07,,ทีมงาน,,50
4,ชุมชนเขต4-07,,ทีมงาน,,50
4,ชุมชนเขต4-07,,ทีมงาน,,50
4,ชุมชนเขต4-07,,ทีมงาน,,50
4,ชุมชนเขต4-07,,ทีมงาน,,50
4,ชุมชนเขต4-07,,ทีมงาน,,50
4,ชุมชนเขต4-07,,ทีมงาน,,50
4,ชุมชนเขต4-08,,ประธาน,,50
4,ชุมชนเขต4-08,,ทีมงาน,,50
4,ชุมชนเขต4-08,,ทีมงาน,,50
4,ชุมชนเขต4-08,,ทีมงาน,,50
4,ชุมชนเขต4-08,,ทีมงาน,,50
4,ชุมชนเขต4-08,,ทีมงาน,,50
4,ชุมชนเขต4-08,,ทีมงาน,,50
4,ชุมชนเขต4-08,,ทีมงาน,,50
4,ชุมชนเขต4-08,,ทีมงาน,,50
4,ชุมชนเขต4-08,,ทีมงาน,,50
4,ชุมชนเขต4-09,,ประธาน,,50
4,ชุมชนเขต4-09,,ทีมงาน,,50
4,ชุมชนเขต4-09,,ทีมงาน,,50
4,ชุมชนเขต4-09,,ทีมงาน,,50
4,ชุมชนเขต4-09,,ทีมงาน,,50
4,ชุมชนเขต4-09,,ทีมงาน,,50
4,ชุมชนเขต4-09,,ทีมงาน,,50
4,ชุมชนเขต4-09,,ทีมงาน,,50
4,ชุมชนเขต4-09,,ทีมงาน,,50
4,ชุมชนเขต4-09,,ทีมงาน,,50
4,ชุมชนเขต4-10,,ประธาน,,50
4,ชุมชนเขต4-10,,ทีมงาน,,50
4,ชุมชนเขต4-10,,ทีมงาน,,50
4,ชุมชนเขต4-10,,ทีมงาน,,50
4,ชุมชนเขต4-10,,ทีมงาน,,50
4,ชุมชนเขต4-10,,ทีมงาน,,50
4,ชุมชนเขต4-10,,ทีมงาน,,50
4,ชุมชนเขต4-10,,ทีมงาน,,50
4,ชุมชนเขต4-10,,ทีมงาน,,50
4,ชุมชนเขต4-10,,ทีมงาน,,50
4,ชุมชนเขต4-11,,ประธาน,,50
4,ชุมชนเขต4-11,,ทีมงาน,,50
4,ชุมชนเขต4-11,,ทีมงาน,,50
4,ชุมชนเขต4-11,,ทีมงาน,,50
4,ชุมชนเขต4-11,,ทีมงาน,,50
4,ชุมชนเขต4-11,,ทีมงาน,,50
4,ชุมชนเขต4-11,,ทีมงาน,,50
4,ชุมชนเขต4-11,,ทีมงาน,,50
4,ชุมชนเขต4-11,,ทีมงาน,,50
4,ชุมชนเขต4-11,,ทีมงาน,,50
4,ชุมชนเขต4-12,,ประธาน,,50
4,ชุมชนเขต4-12,,ทีมงาน,,50
4,ชุมชนเขต4-12,,ทีมงาน,,50
4,ชุมชนเขต4-12,,ทีมงาน,,50
4,ชุมชนเขต4-12,,ทีมงาน,,50
4,ชุมชนเขต4-12,,ทีมงาน,,50
4,ชุมชนเขต4-12,,ทีมงาน,,50
4,ชุมชนเขต4-12,,ทีมงาน,,50
4,ชุมชนเขต4-12,,ทีมงาน,,50
4,ชุมชนเขต4-12,,ทีมงาน,,50
4,ชุมชนเขต4-13,,ประธาน,,50
4,ชุมชนเขต4-13,,ทีมงาน,,50
4,ชุมชนเขต4-13,,ทีมงาน,,50
4,ชุมชนเขต4-13,,ทีมงาน,,50
4,ชุมชนเขต4-13,,ทีมงาน,,50
4,ชุมชนเขต4-13,,ทีมงาน,,50
4,ชุมชนเขต4-13,,ทีมงาน,,50
4,ชุมชนเขต4-13,,ทีมงาน,,50
4,ชุมชนเขต4-13,,ทีมงาน,,50
4,ชุมชนเขต4-13,,ทีมงาน,,50
4,ชุมชนเขต4-14,,ประธาน,,50
4,ชุมชนเขต4-14,,ทีมงาน,,50
4,ชุมชนเขต4-14,,ทีมงาน,,50
4,ชุมชนเขต4-14,,ทีมงาน,,50
4,ชุมชนเขต4-14,,ทีมงาน,,50
4,ชุมชนเขต4-14,,ทีมงาน,,50
4,ชุมชนเขต4-14,,ทีมงาน,,50
4,ชุมชนเขต4-14,,ทีมงาน,,50
4,ชุมชนเขต4-14,,ทีมงาน,,50
4,ชุมชนเขต4-14,,ทีมงาน,,50
4,ชุมชนเขต4-15,,ประธาน,,50
4,ชุมชนเขต4-15,,ทีมงาน,,50
4,ชุมชนเขต4-15,,ทีมงาน,,50
4,ชุมชนเขต4-15,,ทีมงาน,,50
4,ชุมชนเขต4-15,,ทีมงาน,,50
4,ชุมชนเขต4-15,,ทีมงาน,,50
4,ชุมชนเขต4-15,,ทีมงาน,,50
4,ชุมชนเขต4-15,,ทีมงาน,,50
4,ชุมชนเขต4-15,,ทีมงาน,,50
4,ชุมชนเขต4-15,,ทีมงาน,,50
4,ชุมชนเขต4-16,,ประธาน,,50
4,ชุมชนเขต4-16,,ทีมงาน,,50
4,ชุมชนเขต4-16,,ทีมงาน,,50
4,ชุมชนเขต4-16,,ทีมงาน,,50
4,ชุมชนเขต4-16,,ทีมงาน,,50
4,ชุมชนเขต4-16,,ทีมงาน,,50
4,ชุมชนเขต4-16,,ทีมงาน,,50
4,ชุมชนเขต4-16,,ทีมงาน,,50
4,ชุมชนเขต4-16,,ทีมงาน,,50
4,ชุมชนเขต4-16,,ทีมงาน,,50
4,ชุมชนเขต4-17,,ประธาน,,50
4,ชุมชนเขต4-17,,ทีมงาน,,50
4,ชุมชนเขต4-17,,ทีมงาน,,50
4,ชุมชนเขต4-17,,ทีมงาน,,50
4,ชุมชนเขต4-17,,ทีมงาน,,50
4,ชุมชนเขต4-17,,ทีมงาน,,50
4,ชุมชนเขต4-17,,ทีมงาน,,50
4,ชุมชนเขต4-17,,ทีมงาน,,50
4,ชุมชนเขต4-17,,ทีมงาน,,50
4,ชุมชนเขต4-17,,ทีมงาน,,50
4,ชุมชนเขต4-18,,ประธาน,,50
4,ชุมชนเขต4-18,,ทีมงาน,,50
4,ชุมชนเขต4-18,,ทีมงาน,,50
4,ชุมชนเขต4-18,,ทีมงาน,,50
4,ชุมชนเขต4-18,,ทีมงาน,,50
4,ชุมชนเขต4-18,,ทีมงาน,,50
4,ชุมชนเขต4-18,,ทีมงาน,,50
4,ชุมชนเขต4-18,,ทีมงาน,,50
4,ชุมชนเขต4-18,,ทีมงาน,,50
4,ชุมชนเขต4-18,,ทีมงาน,,50
4,ชุมชนเขต4-19,,ประธาน,,50
4,ชุมชนเขต4-19,,ทีมงาน,,50
4,ชุมชนเขต4-19,,ทีมงาน,,50
4,ชุมชนเขต4-19,,ทีมงาน,,50
4,ชุมชนเขต4-19,,ทีมงาน,,50
4,ชุมชนเขต4-19,,ทีมงาน,,50
4,ชุมชนเขต4-19,,ทีมงาน,,50
4,ชุมชนเขต4-19,,ทีมงาน,,50
4,ชุมชนเขต4-19,,ทีมงาน,,50
4,ชุมชนเขต4-19,,ทีมงาน,,50
4,ชุมชนเขต4-20,,ประธาน,,50
4,ชุมชนเขต4-20,,ทีมงาน,,50
4,ชุมชนเขต4-20,,ทีมงาน,,50
4,ชุมชนเขต4-20,,ทีมงาน,,50
4,ชุมชนเขต4-20,,ทีมงาน,,50
4,ชุมชนเขต4-20,,ทีมงาน,,50
4,ชุมชนเขต4-20,,ทีมงาน,,50
4,ชุมชนเขต4-20,,ทีมงาน,,50
4,ชุมชนเขต4-20,,ทีมงาน,,50
4,ชุมชนเขต4-20,,ทีมงาน,,50
4,ชุมชนเขต4-21,,ประธาน,,50
4,ชุมชนเขต4-21,,ทีมงาน,,50
4,ชุมชนเขต4-21,,ทีมงาน,,50
4,ชุมชนเขต4-21,,ทีมงาน,,50
4,ชุมชนเขต4-21,,ทีมงาน,,50
4,ชุมชนเขต4-21,,ทีมงาน,,50
4,ชุมชนเขต4-21,,ทีมงาน,,50
4,ชุมชนเขต4-21,,ทีมงาน,,50
4,ชุมชนเขต4-21,,ทีมงาน,,50
4,ชุมชนเขต4-21,,ทีมงาน,,50
4,ชุมชนเขต4-22,,ประธาน,,50
4,ชุมชนเขต4-22,,ทีมงาน,,50
4,ชุมชนเขต4-22,,ทีมงาน,,50
4,ชุมชนเขต4-22,,ทีมงาน,,50
4,ชุมชนเขต4-22,,ทีมงาน,,50
4,ชุมชนเขต4-22,,ทีมงาน,,50
4,ชุมชนเขต4-22,,ทีมงาน,,50
4,ชุมชนเขต4-22,,ทีมงาน,,50
4,ชุมชนเขต4-22,,ทีมงาน,,50
4,ชุมชนเขต4-22,,ทีมงาน,,50
4,ชุมชนเขต4-23,,ประธาน,,50
4,ชุมชนเขต4-23,,ทีมงาน,,50
4,ชุมชนเขต4-23,,ทีมงาน,,50
4,ชุมชนเขต4-23,,ทีมงาน,,50
4,ชุมชนเขต4-23,,ทีมงาน,,50
4,ชุมชนเขต4-23,,ทีมงาน,,50
4,ชุมชนเขต4-23,,ทีมงาน,,50
4,ชุมชนเขต4-23,,ทีมงาน,,50
4,ชุมชนเขต4-23,,ทีมงาน,,50
4,ชุมชนเขต4-23,,ทีมงาน,,50
4,ชุมชนเขต4-24,,ประธาน,,50
4,ชุมชนเขต4-24,,ทีมงาน,,50
4,ชุมชนเขต4-24,,ทีมงาน,,50
4,ชุมชนเขต4-24,,ทีมงาน,,50
4,ชุมชนเขต4-24,,ทีมงาน,,50
4,ชุมชนเขต4-24,,ทีมงาน,,50
4,ชุมชนเขต4-24,,ทีมงาน,,50
4,ชุมชนเขต4-24,,ทีมงาน,,50
4,ชุมชนเขต4-24,,ทีมงาน,,50
4,ชุมชนเขต4-24,,ทีมงาน,,50
4,ชุมชนเขต4-25,,ประธาน,,50
4,ชุมชนเขต4-25,,ทีมงาน,,50
4,ชุมชนเขต4-25,,ทีมงาน,,50
4,ชุมชนเขต4-25,,ทีมงาน,,50
4,ชุมชนเขต4-25,,ทีมงาน,,50
4,ชุมชนเขต4-25,,ทีมงาน,,50
4,ชุมชนเขต4-25,,ทีมงาน,,50
4,ชุมชนเขต4-25,,ทีมงาน,,50
4,ชุมชนเขต4-25,,ทีมงาน,,50
4,ชุมชนเขต4-25,,ทีมงาน,,50
4,ชุมชนเขต4-26,,ประธาน,,50
4,ชุมชนเขต4-26,,ทีมงาน,,50
4,ชุมชนเขต4-26,,ทีมงาน,,50
4,ชุมชนเขต4-26,,ทีมงาน,,50
4,ชุมชนเขต4-26,,ทีมงาน,,50
4,ชุมชนเขต4-26,,ทีมงาน,,50
4,ชุมชนเขต4-26,,ทีมงาน,,50
4,ชุมชนเขต4-26,,ทีมงาน,,50
4,ชุมชนเขต4-26,,ทีมงาน,,50
4,ชุมชนเขต4-26,,ทีมงาน,,50
4,ชุมชนเขต4-27,,ประธาน,,50
4,ชุมชนเขต4-27,,ทีมงาน,,50
4,ชุมชนเขต4-27,,ทีมงาน,,50
4,ชุมชนเขต4-27,,ทีมงาน,,50
4,ชุมชนเขต4-27,,ทีมงาน,,50
4,ชุมชนเขต4-27,,ทีมงาน,,50
4,ชุมชนเขต4-27,,ทีมงาน,,50
4,ชุมชนเขต4-27,,ทีมงาน,,50
4,ชุมชนเขต4-27,,ทีมงาน,,50
4,ชุมชนเขต4-27,,ทีมงาน,,50
4,ชุมชนเขต4-28,,ประธาน,,50
4,ชุมชนเขต4-28,,ทีมงาน,,50
4,ชุมชนเขต4-28,,ทีมงาน,,50
4,ชุมชนเขต4-28,,ทีมงาน,,50
4,ชุมชนเขต4-28,,ทีมงาน,,50
4,ชุมชนเขต4-28,,ทีมงาน,,50
4,ชุมชนเขต4-28,,ทีมงาน,,50
4,ชุมชนเขต4-28,,ทีมงาน,,50
4,ชุมชนเขต4-28,,ทีมงาน,,50
4,ชุมชนเขต4-28,,ทีมงาน,,50
